{
    "Cannon": [
        {
            "x": 0.0,
            "y": 0.0,
            "z": 0.0
        }
    ],
    "Floor": [
        {
            "x": 300.0,
            "y": 200.0,
            "z": 300.0
        },
        {
            "x": 800.0,
            "y": 200.0,
            "z": 800.0
        }
    ],
    "LateralMoveFloor": [
        {
            "x": 3891.225341796875,
            "y": 300.0,
            "z": 2000.0
        }
    ],
    "VerticalMoveFloor": [
        {
            "x": 1500.0,
            "y": 661.402587890625,
            "z": 2000.0
        }
    ]
}